pathway	pval	padj	log2err	ES	NES	size	leadingEdge
Mineral absorption	0.00237613245847001	0.453841299567772	0.431707695803346	0.626127586708802	1.54437216285639	60	FTH1,MT2A,MT1X,MT1F,ATP1B3,FTL,ATP7B,ATP1A4,VDR,MT1E,ATP1B1
Autoimmune thyroid disease	0.00510468884932703	0.487497785110731	0.407017918923954	0.649695354785193	1.54456466466843	50	HLA-B,HLA-DRB1,HLA-G,HLA-A,HLA-DQB1,HLA-F,HLA-DRB5,GZMB,HLA-E,HLA-DRA
Graft-versus-host disease	0.00765995784357074	0.487683982707337	0.407017918923954	0.680317181511558	1.5374945698748	38	HLA-B,HLA-DRB1,HLA-G,HLA-A,HLA-DQB1,HLA-F,HLA-DRB5,GZMB,HLA-E,HLA-DRA
Cardiac muscle contraction	0.0161153083455048	0.563907200564867	0.352487857583619	0.511732041637797	1.33063687970255	83	UQCRH,ATP1B3,COX7C,COX7B,UQCRB,TPM4,CACNA2D4,COX7A2,COX5B,COX6B1,COX7A2L,ATP1A4,UQCR10,COX6A1,COX4I1,UQCRQ,COX8A,ATP1B1,UQCRFS1,UQCRHL,TPM3
Type I diabetes mellitus	0.0197130420068233	0.563907200564867	0.352487857583619	0.641510841246032	1.4603397450427	41	HLA-B,HLA-DRB1,HLA-G,HLA-A,HLA-DQB1,HLA-F,HLA-DRB5,GZMB,HLA-E,HLA-DRA
Nicotine addiction	0.0199541608196941	0.563907200564867	0.352487857583619	-0.720938563496328	-1.42852876464998	40	CACNA1A
Maturity onset diabetes of the young	0.0229553594827996	0.563907200564867	0.352487857583619	-0.775051820263149	-1.41879356014686	26	NR5A2,NKX2-2,GCK
Allograft rejection	0.0236191497618793	0.563907200564867	0.352487857583619	0.638583112240149	1.42074163283291	35	HLA-B,HLA-DRB1,HLA-G,HLA-A,HLA-DQB1,HLA-F,HLA-DRB5,GZMB,HLA-E,HLA-DRA
Ascorbate and aldarate metabolism	0.0523489932885906	0.955	0.227987202850442	-0.728522324189038	-1.37101595763761	30	ALDH7A1,ALDH9A1,ALDH3A2
Amphetamine addiction	0.0556242274412855	0.955	0.211400189384923	-0.616379256868879	-1.31152242483774	69	FOS,PPP3R1,PRKACB,FOSB,PPP1CC,CREB1,HDAC2,CAMK2D,ATF6B,JUN,CACNA1C,CREB3L4,CREB3L2,PPP3CB,CAMK4,PRKCA,CREB3L1,CAMK2G,CALM3,ATF2,PPP3CA,HDAC1
ECM-receptor interaction	0.0584532708380358	0.955	0.321775918075361	0.46197465836212	1.21345312330258	88	ITGB1,COL1A1,ITGB7,SV2A,ITGA10,HMMR,LAMA3,LAMC3,GP6,ITGA2,ITGA3,CD44,THBS3
Viral myocarditis	0.0680339843526994	0.955	0.287805130535564	0.502270970122083	1.22758947555851	57	HLA-B,CD55,HLA-DRB1,HLA-G,HLA-A,HLA-DQB1,HLA-F,HLA-DRB5,HLA-E,HLA-DRA,RAC3
Viral protein interaction with cytokine and cytokine receptor	0.0713589066700379	0.955	0.287805130535564	0.444797790982288	1.16841518096039	98	TNFRSF14,TNFRSF1B,CXCR4,IL18R1,CCR10,CCR4,CXCR3,CCL4,CCR6,IL10RA,ACKR4,IL24,CXCL13,CCL3,CCR2,CCL5,CCL4L2,CCR8,CCL20,IL10RB,TNFSF10,XCL1,TNFRSF10D
PD-L1 expression and PD-1 checkpoint pathway in cancer	0.0770171149144254	0.955	0.176694268938498	-0.577510370543928	-1.26025287375813	89	LAT,LCK,FOS,PPP3R1,CD4,PRKCQ,ZAP70,NFATC1,PTPN6,CD3G,CD28,HIF1A,MAP2K6,MAPK14,PLCG1,NFKBIE,STAT3,CSNK2A1,IFNGR1,MAPK13,TICAM1,JAK1,JUN,TRAF6,KRAS,PIK3CD,PIK3R2,NFATC2,PIK3CB,CD3D,IFNG,CD3E,CD274,AKT2,MAP3K3,RELA,PPP3CB,RPS6KB2
Small cell lung cancer	0.0785437542359645	0.955	0.287805130535564	0.445765628428301	1.18495336584224	92	ITGB1,PIK3R1,NFKBIA,CDKN1A,GADD45B,E2F2,E2F3,BIRC3,BCL2,BAX,PTEN,NOS2,LAMA3,LAMC3,CDKN1B,CDK2,FHIT,PIK3R3,ITGA2,ITGA3,AKT1,BCL2L1,RXRA,MAX,DDB2
mRNA surveillance pathway	0.08	0.955	0.169570644405628	-0.568684608054411	-1.26167424947509	98	FUS,PPP1CC,FIP1L1,PPP2CA,SMG6,GLE1,PPP2R5E,PCF11,PELO,PPP2R5D,SYMPK,PPP2R5A,EIF4A3,TARDBP,CPSF3,PPP2R2B,CPSF7,NCBP2,CPSF1,ACIN1,WDR82,CASC3,DDX39B,CPSF2,DDX19A,CPSF6,NXT2,RNGTT,CSTF2T,NUDT21,UPF3A,PPP2R1A,PAPOLG,PPP2R2A,PAPOLA,PPP2R1B,NCBP1,GSPT2,MAGOHB,SMG7,DDX19B,UPF2,PNN,NXT1,SSU72,SMG1,CSTF1,UPF3B
Citrate cycle (TCA cycle)	0.0939597315436242	0.979152426520848	0.166933848713193	-0.699031717290667	-1.31551718798345	30	MDH1,DLAT,ACO1,IDH3B,PCK2,FH,PDHB,OGDH,SUCLA2,PDHA1,DLD,SUCLG1,SDHD,SDHA,SUCLG2,SDHB,CS,DLST,IDH3G,IDH3A,ACLY,IDH1
Fatty acid degradation	0.0959264126149803	0.979152426520848	0.163180127180689	-0.642087970919671	-1.28666325740181	43	CPT1A,ACADVL,CYP2U1,ACSL5,ADH5,ACSL4,ALDH7A1,EHHADH,ALDH9A1,HADHA,ACADSB,ALDH3A2,CPT1C,ACSL1,ACSL3,HADHB,GCDH
Nitrogen metabolism	0.0974025974025974	0.979152426520848	0.261663521711573	0.709342177230606	1.3581970347265	17	GLUL,GLUD1,CPS1,CA5B,CA8
Malaria	0.102564102564103	0.97948717948718	0.155241966228839	-0.6140712868643	-1.25132696133263	50	ITGAL,KLRB1,ITGB2,CD40LG,TGFB3,IFNG,THBS1,KLRC4-KLRK1,CSF3,PECAM1,LRP1,CD81,ICAM1,CD40,IL10,THBS4
Fc gamma R-mediated phagocytosis	0.127508854781582	0.994871794871795	0.131457611642763	-0.540092440695082	-1.19667836832725	96	LAT,PTPRC,ACTR3,CDC42,ACTR2,PLCG1,SPHK2,ARPC5,MARCKSL1,NCF1,VAV1,PLPP1,CFL2,DNM2,PIK3CD,FCGR2B,PIK3R2,PIK3CB,ARPC5L,PIP5K1A,INPPL1,RAC2,AKT2,PRKCD,ARF6,CFL1,ARPC2,RPS6KB2,ACTR3B,PRKCA,SPHK1
Melanoma	0.129533678756477	0.994871794871795	0.287857117255149	0.464711137243089	1.17789716024036	72	PIK3R1,CDKN1A,GADD45B,E2F2,MAP2K2,E2F3,BAX,FGFR1,PTEN,CDKN2A,FGF7,PIK3R3,AKT1,DDB2,NRAS,GADD45A,IGF1R,BRAF
Inositol phosphate metabolism	0.140221402214022	0.994871794871795	0.127505315300183	-0.564916318038514	-1.20760654774372	73	PI4K2A,PLCG1,PLCD3,MTMR1,PLCB2,PIK3CG,IPMK,MTMR6,PI4K2B,IMPA1,INPP5F,PLCB3,PLCH2,SYNJ1,PIK3CD,PIP5KL1,PIK3CB,MINPP1,PIP5K1A,CDIPT,INPPL1,MTMR2,IPPK,PIK3C2B,SACM1L,ITPKB,INPP4A,FIG4,INPP4B,PLCD4,MTMR4,ITPK1,PIKFYVE,PIK3CA,PLCB1,ALDH6A1,PIP5K1B,MTMR3,OCRL,PIK3C2A,PI4KA,PIP4K2A,MTMR8,INPP5B,ITPKC,INPP5K
Asthma	0.142857142857143	0.994871794871795	0.231126709673834	0.588805876087443	1.24082146179037	28	HLA-DRB1,HLA-DQB1,FCER1G,HLA-DRB5,HLA-DRA
Phenylalanine metabolism	0.155844155844156	0.994871794871795	0.204294756516886	0.677370415967442	1.29697982145977	17	MIF,PAH
Sphingolipid metabolism	0.169909208819715	0.994871794871795	0.11776578836269	-0.584425710709184	-1.18418218451278	49	SGPL1,PSAP,SPHK2,UGCG,DEGS1,CERS5,GALC,CERS4,PLPP1,SGMS1,SPTLC3,CERS6,SPTLC2,GLA,ACER1,SPHK1,CERS3,ASAH1,CERS2,NEU3,SPTLC1,CERK,ACER2,GBA,SMPD4,ACER3,SMPD1,SMPD2,SMPD3
Antigen processing and presentation	0.181347150259067	0.994871794871795	0.241339976815091	0.450578085321592	1.12928444407514	69	HLA-B,HLA-DRB1,HLA-G,HLA-A,PSME1,HLA-DQB1,PSME2,TAP1,HLA-F,B2M,HLA-DRB5,CTSS,CD74,HLA-E,HLA-DRA
Non-homologous end-joining	0.182492581602374	0.994871794871795	0.122107920287081	-0.768208105857312	-1.23557226109987	13	XRCC6,XRCC5,MRE11,RAD50,POLM,LIG4,DCLRE1C,DNTT,FEN1,PRKDC,XRCC4
Ovarian steroidogenesis	0.191111111111111	0.994871794871795	0.216542836735348	0.486724050759484	1.1705707651404	51	LDLR,ALOX5,ADCY7,HSD17B7,AKR1C3,JMJD7-PLA2G4B,ADCY3,SCARB1,PLA2G4B,IGF1R,INSR,ADCY9,PRKACA
Inflammatory bowel disease	0.193396226415094	0.994871794871795	0.222056046145248	0.458076696092667	1.14057045961405	63	HLA-DRB1,STAT1,HLA-DQB1,STAT4,HLA-DRB5,IL18R1,IL4R,HLA-DRA,RORC,IL12RB1,TGFB1,IL23R,IL12RB2,IL17A,MAF,HLA-DOA,STAT6,IL21R
Thiamine metabolism	0.230769230769231	0.994871794871795	0.105125131597001	-0.726701254986744	-1.2053640890446	15	NTPCR,NFS1,AK2,ACP1,TPK1
Ribosome biogenesis in eukaryotes	0.235436893203884	0.994871794871795	0.0931454575337804	-0.524684885880412	-1.13330038545626	79	RRP7A,WDR36,RPP30,CSNK2A1,RIOK2,SPATA5,HEATR1,UTP6,BMS1,IMP3,XPO1,RBM28,WDR3,GAR1,UTP4,XRN1,SBDS,WDR43,NXT2,NOB1,MPHOSPH10,UTP14C,LSG1,PWP2,WDR75,IMP4,NOP10,RPP40,DKC1,GNL3L,TBL3,XRN2,NHP2,NOL6,POP5,FBL,NXT1,AK6,UTP18,EMG1,NAT10,GNL3,REXO1
Vibrio cholerae infection	0.248717948717949	0.994871794871795	0.0931454575337804	-0.55704090435824	-1.1351130025114	50	ACTB,PRKACB,SEC61A1,PLCG1,TJP2,ATP6V1H,KCNQ1,ATP6V1E2,ERO1A,ATP6V1A,ATP6V1E1,ATP6V1G2,ATP6V0A1,PRKCA,ATP6V1G3,ATP6V0E2,ATP6V0A2,SLC12A2
Hematopoietic cell lineage	0.251612903225806	0.994871794871795	0.227987202850442	0.409113782488871	1.07360764991995	96	CD55,IL7R,HLA-DRB1,HLA-DQB1,HLA-DRB5,IL4R,IL1R1,HLA-DRA,CD37,FLT3LG,IL5RA,ITGAM,IL11RA,IL9R,IL7,ITGA2,ITGA3,HLA-DOA
Ether lipid metabolism	0.265359477124183	0.994871794871795	0.0905428948469474	-0.551201511600775	-1.11368592139236	46	CHPT1,ENPP2,LPCAT1,PAFAH2,PLPP1,PAFAH1B1,PLD3,CEPT1,PLA2G1B,LPCAT4,PAFAH1B2,PLA2G12A,PLD2,GDPD1
Long-term potentiation	0.26774595267746	0.994871794871795	0.0873098257637931	-0.52569325991235	-1.11478263607144	67	PPP3R1,PRKACB,RAP1A,PPP1CC,PLCB2,RAP1B,EP300,CAMK2D,PLCB3,KRAS,CACNA1C,ITPR1,ARAF,PPP3CB,CAMK4,PRKCA,CAMK2G,MAPK1,CALM3,MAPK3,PPP3CA,PLCB1,RPS6KA3,RPS6KA2
alpha-Linolenic acid metabolism	0.274368231046931	0.994871794871795	0.159646701919906	0.560450467433671	1.15000470011083	24	FADS2,ACAA1,JMJD7-PLA2G4B,PLA2G6,PLA2G4B
African trypanosomiasis	0.277852348993289	0.994871794871795	0.0894366833718621	-0.578387514031965	-1.12325808613694	36	F2RL1,PLCB2,PLCB3,FAS,THOP1,IFNG,APOA1,PRKCA,ICAM1,IL10,PLCB1
Leishmaniasis	0.285714285714286	0.994871794871795	0.191892240384838	0.422985467603636	1.07384900273949	73	HLA-DRB1,ITGB1,STAT1,HLA-DQB1,NFKBIA,NCF2,EEF1A1,HLA-DRB5,CYBA,IRAK1,NCF4,HLA-DRA,TGFB1,NOS2,ITGAM,JAK2,PRKCB,NFKBIB
Valine, leucine and isoleucine degradation	0.285714285714286	0.994871794871795	0.0865399737444125	-0.54872027206776	-1.10663949020102	47	ALDH7A1,EHHADH,ALDH9A1,HADHA,ACADSB,ALDH3A2,DBT,HADHB,BCAT1,OXCT2,MCEE,IVD,PCCB,HIBADH,DLD,BCAT2,MCCC2,PCCA,ACAD8,ALDH6A1,MCCC1,HMGCS1,ALDH1B1,BCKDHB,ABAT,ACAT2,ACAA2,HADH,BCKDHA,OXCT1
Renin-angiotensin system	0.286111111111111	0.994871794871795	0.0897104652742981	-0.637742972302516	-1.14539351500224	23	CTSA,LNPEP,MME,THOP1,ATP6AP2,PREP,ACE
Arginine and proline metabolism	0.293589743589744	0.994871794871795	0.0838361057159929	-0.545789213707514	-1.11218481131763	50	SMS,AZIN2,ALDH7A1,ALDH9A1,ALDH3A2,GAMT,SRM,LAP3,GATM,ARG1,ARG2,GOT1,CKB,CKMT2,SAT2,AGMAT,PYCR2,PYCR3,OAT,P4HA1,ALDH1B1,GOT2,AMD1
Adherens junction	0.296894409937888	0.994871794871795	0.0815265143256594	-0.517644023378587	-1.10397500142379	71	ACTB,CDC42,TCF7,ACTN1,PTPN6,TGFBR2,CTNNB1,IQGAP1,CSNK2A1,TGFBR1,PTPRM,BAIAP2,EP300,CTNNA1,SRC,RAC2,AFDN,FARP2,CTNNA3,CDH1,YES1,ACP1,MAPK1,TCF7L2,MAPK3,PTPRJ,FYN,SORBS1,VCL,ACTG1,NLK
PPAR signaling pathway	0.297662976629766	0.994871794871795	0.0808589150280032	-0.514517613053833	-1.10325990761903	74	UBC,CPT1A,ACSL5,ACSL4,EHHADH,PDPK1,CPT1C,ACSL1,ACSL3,PCK2,CYP27A1,AQP7,SCD5,FABP5,APOA1,SCD,PLIN2,SLC27A1,ACOX1,SORBS1,HMGCS1,ACOX3,ILK,ACSBG1,SLC27A5,ME3,NR1H3,SCP2,ACSL6,DBI
Tryptophan metabolism	0.302356020942408	0.994871794871795	0.0833634065110386	-0.547904243118328	-1.09721980442142	42	CAT,ALDH7A1,EHHADH,ALDH9A1,HADHA,ALDH3A2,AFMID,KYAT3
Type II diabetes mellitus	0.308016877637131	0.994871794871795	0.163180127180689	0.44968596988588	1.06172187774553	46	SOCS1,PIK3R1,HKDC1,PIK3R3,IRS2,SOCS3,HK2,MAPK8,SOCS2,MAPK9,MTOR,INSR
Arginine biosynthesis	0.308771929824561	0.994871794871795	0.147331213699377	0.549662842215253	1.11300187237443	22	GLUL,GLUD1,NOS2,CPS1,NOS3
Morphine addiction	0.314917127071823	0.994871794871795	0.186432558434075	0.394560285698472	1.0460563063183	91	PDE3B,PDE4B,PDE4D,ARRB2,PDE1B,ADCY7,GNAI1,GNG4,GNB4,PDE8A,PRKCB,GNGT2,ADCY3
Fanconi anemia pathway	0.321750321750322	0.994871794871795	0.0791316651768349	-0.531527565944647	-1.09328113966248	54	FANCF,FANCB,ERCC1,FANCE,POLH,FAAP100,WDR48,REV1,SLX1B,POLN,FAAP24,POLK,ERCC4,ATR,USP1,FANCI,SLX1A,EME2,BRCA2,ATRIP,TOP3A,RPA1,FAN1,FANCG,MLH1,FANCM,PALB2,BRCA1,PMS2,FANCD2,RMI2,BLM
p53 signaling pathway	0.322751322751323	0.994871794871795	0.179782316298324	0.410538617794474	1.04224972030896	73	SESN3,PMAIP1,CCND3,CDKN1A,GADD45B,BCL2,BAX,SIVA1,PTEN,CDKN2A,SERPINE1,ZMAT3,CDK2,ADGRB1,TSC2,BBC3,BCL2L1,DDB2,CDK1,AIFM2,CCNB1,GADD45A
Central carbon metabolism in cancer	0.323076923076923	0.994871794871795	0.176694268938498	0.418235328257695	1.05542721915167	70	PIK3R1,SLC7A5,HKDC1,PGAM1,MAP2K2,SLC16A3,LDHA,SLC2A1,FGFR1,PTEN,NTRK3,ERBB2,TIGAR,PIK3R3,NTRK1,AKT1,G6PD,HK2,NRAS,PFKM,MTOR,MYC
Histidine metabolism	0.326359832635983	0.994871794871795	0.0826646449123753	-0.624889147442232	-1.11313772611757	22	ALDH7A1,ALDH9A1,ALDH3A2,HAL,CARNMT1,ALDH1B1
Taste transduction	0.330900243309002	0.994871794871795	0.0747385227439092	-0.49012539207546	-1.06997528172218	85	PRKACB,KCNK5,PLCB2,TAS2R30,PLCB3,TAS2R14,CACNA1C,TAS2R5,P2RY4,TAS2R4
Glycolysis / Gluconeogenesis	0.33375	0.994871794871795	0.0756946307932749	-0.511737237679914	-1.08361032598697	66	ENO2,ADH5,ALDH7A1,DLAT,ALDH9A1,ACSS1,FBP1,ALDH3A2,PGM2,PCK2,MINPP1,PKM,PFKL,PDHB,PGAM2,GCK,PDHA1,GAPDH,DLD,BPGM,GPI,ACSS2,ALDH1B1,G6PC3,ALDOA,PFKP,ADPGK
Intestinal immune network for IgA production	0.336206896551724	0.994871794871795	0.157402899305283	0.449535453227453	1.04843943941284	45	HLA-DRB1,HLA-DQB1,CXCR4,HLA-DRB5,CCR10,ITGB7,HLA-DRA,IL15,TGFB1,IL15RA,MAP3K14,HLA-DOA,ICOSLG
Vitamin digestion and absorption	0.3375	0.994871794871795	0.0806388495950661	-0.614674828514442	-1.10396287061175	23	SLC5A6,TCN2,CUBN,APOA1,LMBRD1,SLC19A2,ABCC1
Pyruvate metabolism	0.338138925294889	0.994871794871795	0.0774767547848578	-0.534082798143766	-1.07711915442039	47	MDH1,ADH5,ALDH7A1,DLAT,ALDH9A1,ACSS1,ALDH3A2,PCK2,LDHD,PKM,ACYP1,FH,PDHB,ME2,PDHA1,DLD,ACSS2,ACACA,ACYP2,ALDH1B1
beta-Alanine metabolism	0.340939597315436	0.994871794871795	0.0782955249944794	-0.579745069236632	-1.09103004107654	30	ALDH7A1,EHHADH,ALDH9A1,HADHA,ALDH3A2,MLYCD,ACOX1,ALDH6A1,ALDH1B1,ACOX3,ABAT
Phosphatidylinositol signaling system	0.344746162927981	0.994871794871795	0.0711327399327894	-0.480480123840121	-1.06459584931552	96	DGKA,PI4K2A,PPIP5K1,PIP4P2,IP6K2,PLCG1,PLCD3,MTMR1,PLCB2,IPMK,MTMR6,PI4K2B,IMPA1,INPP5F,PLCB3,SYNJ1,PIK3CD,PIK3R2,PIK3CB,PIP5K1A,PPIP5K2,ITPR1,CDIPT,INPPL1,MTMR2,PIP4P1,IPPK,PIK3C2B,SACM1L,ITPKB,INPP4A,IP6K1,INPP4B,PRKCA,PLCD4,MTMR4,ITPK1,PIKFYVE,CALM3,CDS2,PIK3CA,PLCB1,PIP5K1B,MTMR3,DGKH,OCRL,PIK3C2A,PI4KA,PIP4K2A,MTMR8,INPP5B
Cytosolic DNA-sensing pathway	0.35377358490566	0.994871794871795	0.160801401070022	0.423705250585073	1.04748793869384	61	NFKBIA,AIM2,IRF7,POLR2L,ZBP1,CCL4,POLR3GL,POLR2F,NFKBIB,CCL5,IRF3,PYCARD,CCL4L2,CASP1,POLR2K,DDX58
Arachidonic acid metabolism	0.358514724711908	0.994871794871795	0.0732558655828455	-0.516195625664158	-1.07184561330783	58	GGT1,CBR1,CYP2U1,PTGES3,GPX7,CYP2J2,EPHX2,TBXAS1,LTA4H,HPGDS,PLA2G1B,PTGIS
B cell receptor signaling pathway	0.361650485436893	0.994871794871795	0.070113215764256	-0.488604250373294	-1.05536751712309	79	FOS,PPP3R1,NFATC1,PTPN6,NFKBIE,CARD11,VAV1,CD79A,JUN,KRAS,PIK3CD,FCGR2B,PIK3R2,NFATC2,PIK3CB,SOS1,INPPL1,RAC2,MALT1,AKT2,BCL10,RELA,PPP3CB,LILRB1,LILRB3,IKBKG,GSK3B,CR2,MAPK1,CD81,DAPP1,MAPK3,PIK3CA,PPP3CA,RASGRP3,GRB2
Glioma	0.373684210526316	0.994871794871795	0.165656695205483	0.403921006832614	1.02743163250039	75	PIK3R1,CDKN1A,GADD45B,E2F2,MAP2K2,CALM1,E2F3,BAX,PTEN,CDKN2A,CALM2,PRKCB,PIK3R3,AKT1,CAMK1D,DDB2,NRAS,GADD45A,IGF1R,MTOR,BRAF,TGFA
Primary immunodeficiency	0.38	0.994871794871795	0.0723570851036907	-0.539743136284834	-1.05713157532569	37	PTPRC,LCK,CD4,ZAP70,CD8B2,CD40LG,ICOS,RFXAP,JAK3,CD79A,RFX5,CD3D,CD3E,DCLRE1C,ADA,TNFRSF13B,CIITA,IKBKG
Dilated cardiomyopathy	0.382165605095541	0.994871794871795	0.181383128498408	0.386388746617146	1.01450813097516	95	LMNA,ITGB1,EMD,ITGB7,TPM4,ADCY7,CACNA2D4,ITGA10,TGFB1,ITGA2,ITGA3,TPM3,ADCY3
Regulation of lipolysis in adipocytes	0.382222222222222	0.994871794871795	0.149207542435322	0.417607671360266	1.02475776983822	54	PDE3B,PIK3R1,ADCY7,GNAI1,PRKG2,PIK3R3,AKT1,ADCY3,IRS2,TSHR
Bladder cancer	0.389830508474576	0.994871794871795	0.143758989039275	0.453833579637613	1.03310992015742	41	CDKN1A,HBEGF,E2F2,MAP2K2,E2F3,CDKN2A,VEGFA,DAPK1,ERBB2
Other glycan degradation	0.399135446685879	0.994871794871795	0.0738052724171275	-0.623777013274846	-1.06201346389978	17	MAN2B2,FUCA2,ENGASE,FUCA1,NEU3,HEXA,HEXB,GBA,AGA
One carbon pool by folate	0.402730375426621	0.994871794871795	0.125033367555272	0.511209649968014	1.01031968309395	20	MTHFD2,MTHFD2L,MTHFD1L,TYMS,FTCD,SHMT2,MTHFS
Proteasome	0.40506329113924	0.994871794871795	0.140406238523342	0.432128119142984	1.02026727273605	46	PSMB9,PSME1,PSME2,PSMB8,PSMA7,PSMB4,SEM1,PSMD9
Cocaine addiction	0.416342412451362	0.994871794871795	0.066436413766281	-0.516670308388579	-1.04689400765417	49	PRKACB,FOSB,CREB1,ATF6B,JUN,CDK5R1,CREB3L4,CREB3L2,RELA,CREB3L1,RGS9,ATF2,GNAI3,DLG4,NFKB1
IL-17 signaling pathway	0.416467780429594	0.994871794871795	0.0623861492893626	-0.465924087416461	-1.02765296485943	94	FOS,FOSB,HSP90B1,TRAF5,MAPK14,HSP90AB1,USP25,FADD,CASP3,MAPK13,IL17RA,JUN,HSP90AA1,TRAF6,TRAF3,S100A9,IFNG,RELA,ELAVL1,IL17RE,CSF3,IL4,IKBKG,GSK3B,IKBKE,MAPK1,TBK1,MAPK3
Thyroid hormone synthesis	0.41820418204182	0.994871794871795	0.0636424081651019	-0.479631293300319	-1.02845454249268	74	FXYD2,PRKACB,CANX,HSP90B1,CREB1,HSPA5,PLCB2,ATF6B,GPX7,PLCB3,CREB3L4,CREB3L2,GSR,ITPR1,TTF2,PRKCA,ASGR1,DUOX2,CREB3L1,ATP1A3,ATF2,ATP1A1,PLCB1
Cholesterol metabolism	0.418918918918919	0.994871794871795	0.142901149386948	0.426682484544316	1.0143811000126	50	LDLR,TSPO,LDLRAP1,STARD3,ANGPTL4,LRPAP1,NPC2,SCARB1
Glutathione metabolism	0.421794871794872	0.994871794871795	0.0652353056017703	-0.50295855467111	-1.03376645408071	53	GSTP1,GGT1,GSTM3,SMS,GSS,GGT7,SRM,CHAC1,LAP3,GPX7,GPX4,GSR,HPGDS,PGD,PRDX6,RRM2B,GCLM,GSTM2,MGST2
TGF-beta signaling pathway	0.422382671480144	0.994871794871795	0.0621124188949471	-0.464531516680208	-1.0213245322333	93	FST,ID3,TGFBR2,PPP2CA,TGFBR1,SMAD2,EP300,TGFB3,ROCK1,E2F5,BMP8B,GDF7,CDKN2B,SMAD1,ACVR1B,IFNG,SP1,SKP1,E2F4,RPS6KB2,PPP2R1A,ACVR1C,THBS1,SMAD6,PPP2R1B,TFDP1,SMAD5,MAPK1,MAPK3,ZFYVE9
Renin secretion	0.440414507772021	0.994871794871795	0.150169802128406	0.396588368369795	0.993969945922913	69	PDE3B,PTGER2,PDE1B,CALM1,ORAI1,GNAI1,PRKG2,CALM2,PTGER4,ITPR3,GNAQ
Fatty acid elongation	0.447619047619048	0.994871794871795	0.0652353056017703	-0.553740294387473	-1.02262328953459	27	PPT1,ACOT2,ELOVL6,HADHA,MECR,HACD3,HSD17B12,HACD4,ACOT4,HADHB
Fatty acid biosynthesis	0.454285714285714	0.994871794871795	0.0668966276500666	-0.595944328786681	-1.02576384699953	18	CBR4,ACSL5,ACSL4,MECR,ACSL1,ACSL3,HSD17B8
SNARE interactions in vesicular transport	0.454790823211876	0.994871794871795	0.0640703750499722	-0.525110539034255	-1.00720142996058	33	VTI1A,STX4,VAMP1,VAMP3,VAMP5,GOSR2,VAMP4,USE1,STX16,STX1B,SEC22B,YKT6,SNAP23,STX7,BET1L,STX3,STX17,STX2,STX6,STX8,STX18,STX11
Mitophagy	0.456683168316832	0.994871794871795	0.0597317976364411	-0.476536691095815	-1.01283264338934	68	UBC,USP30,CITED2,HIF1A,RHOT2,CSNK2A1,TAX1BP1,BNIP3L,UBB,MFN2,RRAS2,ATG9B,JUN,PRKN,ATG9A,AMBRA1,FOXO3,KRAS,SRC,SP1,RELA,E2F1,FUNDC1,TBK1,RRAS,RHOT1,NBR1,BECN1,TP53,USP15,TFE3,BCL2L13,HRAS
Bacterial invasion of epithelial cells	0.45982694684796	0.994871794871795	0.0593487680335629	-0.475859765272537	-1.01252718399919	69	ACTB,ACTR3,CDC42,ARHGAP10,ACTR2,CTNNB1,ELMO1,ARPC5,MAD2L2,PTK2,CD2AP,CTNNA1,DNM2,PIK3CD,DNM1,SRC,PIK3R2,PIK3CB,ARPC5L,ARPC2,ACTR3B,CTNNA3,CDH1,CLTB,HCLS1,ARPC4,DNM3,ELMO3,PIK3CA,CLTC,VCL,CRKL,ACTG1,CBL,CLTA,SHC1,ILK
Salivary secretion	0.46690734055355	0.994871794871795	0.0573667426768556	-0.453657370246769	-0.997416504207696	93	FXYD2,PRKACB,CD38,SLC4A2,PRH1,ATP2B4,PLCB2,KCNN4,PLCB3,ITPR1,PRKCA,LPO,ADRB1,AMY1C,BST1,ATP1A3,CALM3,ATP1A1,CST3,SLC12A2,PLCB1,AMY2B
AGE-RAGE signaling pathway in diabetic complications	0.472189349112426	0.994871794871795	0.0560595875032335	-0.45193141692584	-1.00228703076498	100	CDC42,NFATC1,EGR1,TGFBR2,STAT5A,MAPK14,PLCG1,VEGFB,PLCD3,STAT3,CASP3,TGFBR1,SMAD2,PLCB2,CDK4,TGFB3,MAPK13,JUN,PLCB3,KRAS,PIK3CD,PIK3R2,PIK3CB,DIAPH1,AKT2,PRKCD,RELA
Pyrimidine metabolism	0.472972972972973	0.994871794871795	0.133554954557592	0.402344351868096	0.983195797834581	56	NUDT2,NME2,NT5C3A,UPP1,CMPK2,TYMS,UPB1,RRM1,PNP,UCK2,NME7,NT5E,DTYMK,DCTPP1,NME1,NME4,NT5C,CTPS1,ENPP3,CTPS2,DUT,NT5M
Glycosaminoglycan biosynthesis	0.475641025641026	0.994871794871795	0.059476028695732	-0.488722975340008	-1.00450705640227	53	CHST2,XYLT2,EXT2,B3GNT2,GLCE,CHPF,CSGALNACT2,CHPF2,EXT1,HS3ST1,CHST14,B3GNT7,B3GALT6,NDST2,HS2ST1,UST,DSE,B3GAT3,CHSY1,CHST15,ST3GAL3,EXTL2,CHST7,XYLT1
Hypertrophic cardiomyopathy	0.489010989010989	0.994871794871795	0.14641623786055	0.36824062208096	0.970863693920525	90	LMNA,ITGB1,EMD,ITGB7,TPM4,CACNA2D4,ITGA10,TGFB1
Basal transcription factors	0.494148244473342	0.994871794871795	0.0583452776743612	-0.490772613261051	-0.989420539768803	44	GTF2H2,TAF7,TAF15,MNAT1,TAF8,GTF2I,GTF2F2,CDK7,TAF1,GTF2H3,TBP,TAF2,ERCC3,TAF4B,GTF2A1,GTF2E1,GTF2E2,TAF6,TAF13,GTF2B,TAF5,TAF3
Bile secretion	0.494505494505495	0.994871794871795	0.14551614609036	0.366444749781928	0.966128889801971	90	LDLR,ATP1B3,SLC10A1,ADCY7,SLC2A1,BAAT,ATP1A4,ATP1B1,ADCY3,RXRA,SCARB1
Legionellosis	0.509603072983355	0.994871794871795	0.0561766586307176	-0.475383309893644	-0.98537151495191	57	HSPA1B,ITGB2,HSPA1A,HSPA2,VCP,NFKB2,CASP3,CLK1,SAR1A,HSPA8,APAF1,CASP9,RAB1B,RELA,TLR5,EEF1A2,CD14
Galactose metabolism	0.509727626459144	0.994871794871795	0.11776578836269	0.449124523206302	0.95766312610885	30	UGP2,B4GALT1,HKDC1
Notch signaling pathway	0.517948717948718	0.994871794871795	0.0554793308704233	-0.474818317833034	-0.986056723423731	59	MAML2,TLE3,NCSTN,PSEN1,DTX2,NCOR2,HDAC2,EP300,DVL2,NUMB,RBPJ,TLE2,RFNG,CTBP1,DTX3L,HEY1,DVL3,DTX3,DTX1,HDAC1,NOTCH1,TLE4,DLL3,NOTCH4
N-Glycan biosynthesis	0.519230769230769	0.994871794871795	0.0553642837725362	-0.48092436338428	-0.980006124919932	50	STT3B,MAN2A1,DOLK,ST6GAL1,DOLPP1,MGAT2,DDOST,DPM2,MGAT5,RPN2,SRD5A3,GANAB,MAN1A1,DAD1,MAN1C1,STT3A,ALG8,ALG2,ALG11
Synaptic vesicle cycle	0.529769137302552	0.994871794871795	0.0519512476197082	-0.451189071462759	-0.973167770644065	78	ATP6V1H,ATP6V1E2,AP2A2,DNM2,DNM1,ATP6V1A,ATP6V1E1,NSF,ATP6V1G2,ATP6V0A1,STX1B,SLC1A1,ATP6V1G3,RAB3A,CLTB,AP2A1,DNM3,ATP6V0E2,ATP6V0A2,CLTC,CLTA,STX3,ATP6V1B2,NAPA
Epithelial cell signaling in Helicobacter pylori infection	0.546468401486989	0.994871794871795	0.0514264916187015	-0.453303433065406	-0.966361853707088	70	CDC42,MAPK14,CSK,PLCG1,CASP3,ATP6V1H,F11R,MAPK13,ATP6V1E2,JUN,SRC,ATP6V1A,ADAM10,ATP6V1E1,RELA,ATP6V1G2,ATP6V0A1,ATP6V1G3,IKBKG,ATP6V0E2,ATP6V0A2
Th1 and Th2 cell differentiation	0.55609756097561	0.994871794871795	0.0498907356726307	-0.437824659124194	-0.957627128947686	90	LAT,LCK,FOS,PPP3R1,CD4,PRKCQ,ZAP70,NFATC1,MAML2,CD3G,STAT5A,MAPK14,PLCG1,HLA-DMA,NFKBIE,IFNGR1,JAK3,MAPK13,HLA-DMB,JAK1,JUN,NFATC2,RBPJ,CD3D,IFNG,CD3E,GATA3,RELA,PPP3CB
Mucin type O-glycan biosynthesis	0.556420233463035	0.994871794871795	0.111918316325105	0.410372797983752	0.919174853029073	36	ST6GALNAC1,GALNT5,GCNT1,ST3GAL1,ST6GALNAC3,GALNT10,GALNT12,GALNT1,GALNT3,GALNT7,C1GALT1C1
Lysine degradation	0.563291139240506	0.994871794871795	0.051011413203915	-0.458467597412801	-0.962070382889131	63	TMLHE,PRDM2,KMT5B,ALDH7A1,EHHADH,ALDH9A1,HADHA,SETDB1,ALDH3A2,KMT2C,PLOD1,SMYD3,SMYD2,SETDB2,KMT5A,GCDH,ASH1L,PHYKPL,DLD,EHMT1,KMT2D,EZH1,COLGALT2,SETMAR,ALDH1B1,ACAT2,SETD1A,NSD1,HADH,DLST
Peroxisome	0.567073170731707	0.994871794871795	0.0489954089862481	-0.441099843575468	-0.957992715824243	82	CAT,PEX11B,ACSL5,PEX13,PEX19,FAR1,HACL1,ACSL4,MPV17L2,EHHADH,PEX10,PEX7,PEX3,ACSL1,PXMP4,ACSL3,EPHX2,PEX1,PAOX,PRDX1,MLYCD,PHYH,ABCD3,HSD17B4,MVK,MPV17,ECH1,CRAT,ABCD4,FAR2,ACOX1,AMACR,ABCD2,PEX14,DECR2,ACOX3,SLC25A17
Endocrine and other factor-regulated calcium reabsorption	0.571794871794872	0.994871794871795	0.0509082865515105	-0.459166139582431	-0.943756791770747	53	FXYD2,PRKACB,ATP2B4,PLCB2,AP2A2,PLCB3,DNM2,DNM1,PRKCA,CLTB,AP2A1,ATP1A3,DNM3,ATP1A1,CLTC,PLCB1
Steroid hormone biosynthesis	0.575949367088608	0.994871794871795	0.0499913914024592	-0.455359768441991	-0.951709850635964	61	HSD17B12,STS,CYP7B1,SRD5A3,HSD17B8,COMT,AKR1C1,HSD17B6
Gap junction	0.581196581196581	0.994871794871795	0.047925896705813	-0.4349614275244	-0.948958048979004	88	TUBB,TUBA1B,PRKACB,TUBA1A,PLCB2,MAP2K5,PLCB3,KRAS,SRC,SOS1,TUBA1C,ITPR1,PRKCA,TUBB6,ADRB1,MAPK1,MAPK3,PDGFB,PLCB1,GRB2,GNAI3
Mismatch repair	0.586111111111111	0.994871794871795	0.053457214108991	-0.516687126631859	-0.92797586148632	23	POLD4,MSH6,MSH2,RFC4,MSH3,RFC3,LIG1
Metabolism of xenobiotics by cytochrome P450	0.588380716934487	0.994871794871795	0.047925896705813	-0.441189500153745	-0.942812983180244	72	GSTP1,GSTM3,CBR1,ADH5,HPGDS,AKR1C1,AKR7A3,DHDH,GSTM2,AKR7A2,MGST2
Glyoxylate and dicarboxylate metabolism	0.589261744966443	0.994871794871795	0.05163559644842	-0.49191030829763	-0.921912041698654	29	CAT,MDH1,HYI,ACO1,ACSS1,AFMID,GCSH,PGP,MCEE,PCCB,SHMT1,DLD,PCCA,ACSS2
Cysteine and methionine metabolism	0.58974358974359	0.994871794871795	0.0494904866135495	-0.45908504500167	-0.93550294020202	50	SMS,DNMT3A,GSS,MDH1,MAT2B,ADI1,SRM,AHCYL2,PHGDH,KYAT3,DNMT3B,GOT1,DNMT1,BCAT1,MTAP,BCAT2,GCLM,MAT2A,GCLC,GOT2,AMD1
Aminoacyl-tRNA biosynthesis	0.598066298342541	0.994871794871795	0.0522693317499306	-0.506266565789443	-0.918855786920081	25	IARS2,QRSL1,PARS2,AARS2,MARS2,YARS2,FARSB,TARS2,GATC,NARS2,HARS2,RARS2,GATB,MTFMT,FARS2
GnRH signaling pathway	0.598074608904934	0.994871794871795	0.0459538081039063	-0.427000753879937	-0.938808949576437	93	CDC42,PRKACB,EGR1,MAP2K6,MAPK14,PLCB2,PTK2B,MAPK13,MAP3K4,CAMK2D,JUN,PLCB3,KRAS,CACNA1C,SRC,GNRH1,SOS1,ITPR1,PRKCD,MAP3K3,PRKCA,CAMK2G,MAPK1,CALM3,MAPK3,PLCB1,PLD2,GRB2
Glycosphingolipid biosynthesis	0.607758620689655	0.994871794871795	0.112843355675562	0.393304016349653	0.917292372514624	45	FUT7,B4GALT1,ABO,ST3GAL5,ST3GAL4,FUT1,ST3GAL1,ST6GALNAC3,B4GALT3
Insulin secretion	0.613138686131387	0.994871794871795	0.0453152441270267	-0.429684820185774	-0.936772024759141	86	FXYD2,PRKACB,CREB1,PLCB2,KCNN4,KCNMB3,CAMK2D,ATF6B,PLCB3,CACNA1C,CREB3L4,CREB3L2,PRKCA,CREB3L1,GCK,RAB3A,CAMK2G,ATP1A3,ATF2,ATP1A1,PLCB1
Amino sugar and nucleotide sugar metabolism	0.61437908496732	0.994871794871795	0.048505983646947	-0.456427675408359	-0.922198262410238	46	GNPNAT1,GFPT1,NANP,CYB5RL,MPI,PGM2,FPGT,CYB5R3,UAP1,CYB5R4,GNE,RENBP,GMPPB,GCK,CHIT1,PGM3,GNPDA1,GPI,HEXA,HEXB,GALT,PMM2,GALK1,NAGK,AMDHD2
Taurine and hypotaurine metabolism	0.620790629575403	0.994871794871795	0.0532386494755899	-0.571201601075198	-0.898784717078659	11	GGT1,GGT7,CSAD
Vasopressin-regulated water reabsorption	0.624187256176853	0.994871794871795	0.0475434194201301	-0.454863272755759	-0.917025629976661	44	PRKACB,RAB5B,RAB5A,CREB1,DYNC2H1,STX4,DYNC2LI1,CREB3L4,CREB3L2,NSF
Retinol metabolism	0.625	0.994871794871795	0.0452247443372884	-0.435908018844772	-0.926480330372689	68	DHRS3,ADH5,RDH5,RETSAT,PNPLA4,HSD17B6,ALDH1A1,RDH11,RDH13,DGAT1
Pantothenate and CoA biosynthesis	0.626591230551627	0.994871794871795	0.051218434854034	-0.509965358379798	-0.900072822238967	21	PPCS,ALDH3A2,AASDHPPT,BCAT1,VNN2,BCAT2,COASY,ALDH1B1,PPCDC,PANK3
Acute myeloid leukemia	0.638854296388543	0.994871794871795	0.0445070537769277	-0.434230323489898	-0.920826766473919	67	TCF7,DUSP6,STAT5A,CEBPA,STAT3,PER2,RUNX1,KRAS,PIK3CD,PIK3R2,PIK3CB,SOS1,AKT2,RELA,ARAF,RPS6KB2,BAD,CEBPE,BCL2A1,CD14,SPI1,IKBKG,PML,MAPK1,TCF7L2,MAPK3,PIK3CA
Propanoate metabolism	0.645074224021592	0.994871794871795	0.0477342401407188	-0.465893083994626	-0.893617906186268	33	EHHADH,HADHA,ACSS1,DBT,MLYCD,SUCLA2,MCEE,PCCB,DLD,PCCA,ACOX1,SUCLG1,ACSS2,ALDH6A1,ACACA,SUCLG2,ACOX3,BCKDHB,ABAT,ACAT2
Carbohydrate digestion and absorption	0.666666666666667	0.994871794871795	0.105520936843198	0.37548206511268	0.886524263437377	46	PIK3R1,ATP1B3,HKDC1,ATP1A4,ATP1B1,PRKCB,PIK3R3,AKT1,HK2
ErbB signaling pathway	0.672222222222222	0.994871794871795	0.123257226381337	0.355907527057413	0.926947044653234	85	PIK3R1,AREG,CDKN1A,PAK3,HBEGF,MAP2K2,CBLB,NCK2,CDKN1B,ERBB2,PRKCB,STAT5B,PIK3R3,AKT1,EIF4EBP1,MAPK8,ELK1,NRAS,CRK,NRG2,MAPK9,PAK1,MTOR,BRAF,TGFA,MYC
Circadian rhythm	0.672972972972973	0.994871794871795	0.0458620343117985	-0.458494461708215	-0.87037077749197	31	FBXL3,NR1D1,CREB1,PER2,TPTEP2-CSNK1E,PRKAG2,PRKAG1,RORB,PRKAB2,SKP1,FBXW11,ARNTL
Adipocytokine signaling pathway	0.681930693069307	0.994871794871795	0.0412376090540065	-0.421101565510803	-0.895010645981797	68	PRKCQ,CPT1A,TNFRSF1A,ACSL5,NFKBIE,STAT3,ACSL4,ADIPOR2,CPT1C,PRKAG2,ACSL1,ACSL3,PCK2,PRKAG1,PRKAB2,AKT2,RELA
Selenocompound metabolism	0.689655172413793	0.994871794871795	0.0475434194201301	-0.508257095255546	-0.854133302439849	16	TXNRD1,MARS2,KYAT3,SEPHS2,SEPHS1,PAPSS1,TXNRD2
Nucleotide excision repair	0.698039215686274	0.994871794871795	0.0426733861156084	-0.43947620329642	-0.887948327603064	46	GTF2H2,POLD4,ERCC1,RAD23B,RFC4,MNAT1,ERCC5,DDB1,RFC3,CDK7,LIG1,ERCC6,GTF2H3,ERCC4,ERCC3,POLE3,RPA1,RFC5,CUL4A
Proximal tubule bicarbonate reclamation	0.701388888888889	0.994871794871795	0.0452247443372884	-0.479206764336632	-0.860660711375149	23	FXYD2,MDH1,SLC25A10,PCK2,SLC4A4,SLC9A3
VEGF signaling pathway	0.702564102564103	0.994871794871795	0.041488040200221	-0.423430966768798	-0.879340446665337	59	PPP3R1,CDC42,HSPB1,MAPK14,PLCG1,SPHK2,MAPKAPK3,PTK2,MAPK13,KRAS,PIK3CD,SRC,PIK3R2,NFATC2,PIK3CB,CASP9,RAC2,AKT2,PPP3CB,BAD,PRKCA,SPHK1
Glycosylphosphatidylinositol (GPI)-anchor biosynthesis	0.704264099037139	0.994871794871795	0.0445961615888961	-0.469359475989796	-0.859199584489886	26	PIGC,PIGB,PIGQ,DPM2,PIGO,PIGV,MPPE1,GPAA1,PIGH,PIGA,PIGP,PIGN,PIGM
Tyrosine metabolism	0.718120805369127	0.994871794871795	0.0425877779273254	-0.437490972200425	-0.849629807376651	36	FAH,ADH5,HGD,GOT1,COMT,FAHD1
Gastric acid secretion	0.719362745098039	0.994871794871795	0.0383205781976994	-0.410437676491483	-0.882245879990272	76	ACTB,PRKACB,KCNJ15,SLC4A2,PLCB2,KCNQ1,CAMK2D,PLCB3,ITPR1,HRH2,PRKCA,MYLK3,CAMK2G,ATP1A3,CALM3,ATP1A1,PLCB1,GNAI3
Chronic myeloid leukemia	0.736559139784946	0.994871794871795	0.114750719227023	0.354742910889288	0.903008137167873	76	PIK3R1,NFKBIA,CDKN1A,GADD45B,E2F2,MAP2K2,E2F3,BAX,GAB2,TGFB1,CDKN2A,CDKN1B,STAT5B,PIK3R3,AKT1,BCL2L1,BCR,DDB2,NRAS,CRK,GADD45A
DNA replication	0.736912751677852	0.994871794871795	0.0414044273760278	-0.432261316185982	-0.839473548357525	36	POLD4,RFC4,PRIM2,RFC3,MCM5,POLA2,LIG1,MCM3,RNASEH2B,PRIM1,POLE3,RNASEH2C,RPA1,FEN1,RFC5
RNA polymerase	0.742281879194631	0.994871794871795	0.0410713282497468	-0.442715066397729	-0.829712945365923	29	POLR3C,POLR2G,POLR3B,POLR1C,POLR3G,POLR1B,POLR2D,POLR3A,POLR3D,POLR2J3,POLR1D,POLR3E,POLR2H,POLR2C,POLR3F,POLR3K
Alanine, aspartate and glutamate metabolism	0.757692307692308	0.994871794871795	0.0922597260527354	0.377985238779896	0.840954536750936	35	GLUL,GLUD1,GFPT2,CPS1,ADSL
Fc epsilon RI signaling pathway	0.768368617683686	0.994871794871795	0.035996889024589	-0.400130068327919	-0.848513926955075	67	LAT,LCP2,MAP2K6,MAPK14,PLCG1,PDPK1,VAV1,MAPK13,KRAS,PIK3CD,PIK3R2,PIK3CB,SOS1,RAC2,AKT2,PRKCA,IL4,MAPK1,MAPK3,PIK3CA,FYN,GRB2
Glycine, serine and threonine metabolism	0.768725361366623	0.994871794871795	0.0384786917635432	-0.417123559132958	-0.826523968623358	40	SRR,ALDH7A1,GAMT,ALAS1,PHGDH,GATM,GCSH,PGAM2,GCAT,SHMT1,SARDH,DLD,BPGM
Homologous recombination	0.768929503916449	0.994871794871795	0.0381628909049257	-0.411228836954184	-0.820807454072454	41	POLD4,ATM,RAD51B,MRE11,RAD50,NBN,XRCC3,UIMC1,RAD52,RAD54L,BRCA2,TOP3A,RPA1,BABAM1,RAD51D
Glycerophospholipid metabolism	0.77331759149941	0.994871794871795	0.0331626424471441	-0.389350686822871	-0.862878298400147	97	DGKA,CHPT1,MBOAT1,PTDSS1,LPCAT1,LPGAT1,PISD,MBOAT7,LCLAT1,PLPP1,AGPAT2,GPD2,GPAM,CDIPT,GPD1L,PLD3,CEPT1,GPD1,PLA2G1B,PNPLA6,LPCAT4,CRLS1,CDS2,PLA2G12A,LYPLA2,PLD2,GPAT2,ETNK2,DGKH
Pertussis	0.775735294117647	0.994871794871795	0.0347904098478036	-0.394751109202428	-0.848527217804427	76	ITGB2,FOS,NLRP3,MAPK14,CASP3,IL23A,CFL2,C1R,MAPK13,TICAM1,JUN,TRAF6,C1S,CFL1,RELA,C1QC,CD14,MAPK1,CALM3,MAPK3,IL10,GNAI3,C5,IRAK4
Ferroptosis	0.792372881355932	0.994871794871795	0.0952879846194844	0.367901926171522	0.837494505973575	41	FTH1,SAT1,SLC39A14,FTL,CP
Synthesis and degradation of ketone bodies	0.795795795795796	0.994871794871795	0.0760837160951725	0.458876310182531	0.756030113494917	10	ACAT1
Complement and coagulation cascades	0.8	0.994871794871795	0.11146266692298	0.344434367494741	0.897065655413219	85	CD55,F5,SERPINE1,PROS1,ITGAM,PROCR,CD59,F2R,F12
Glycerolipid metabolism	0.806122448979592	0.994871794871795	0.0348652196832942	-0.3932205290573	-0.8189918844253	60	DGKA,MBOAT1,ALDH7A1,ALDH9A1,ALDH3A2,LCLAT1,PLPP1,AGPAT2,GPAM,GLA,MGLL,PNPLA3,AKR1B1,GPAT2,DGKH,AGK,ALDH1B1,DGAT1,TKFC
Collecting duct acid secretion	0.808163265306122	0.994871794871795	0.037770500132479	-0.425146799075715	-0.785142462292418	27	ATP6V1E2,ATP6V1A,ATP6V1E1,ATP6V1G2,ATP6V0A1,ATP6V1G3,ATP6V0E2,ATP6V0A2
Various types of N-glycan biosynthesis	0.808764940239044	0.994871794871795	0.0366082221336689	-0.405807445933221	-0.796839403263491	38	STT3B,MAN2A1,MGAT2,DDOST,RPN2,MAN1A1,DAD1,MAN1C1,STT3A,ALG2,ALG11,HEXA,HEXB,RPN1,ALG1,ST3GAL3,ALG13
Mannose type O-glycan biosynthesis	0.814504881450488	0.994871794871795	0.0385579101998489	-0.442824796712536	-0.788819887973232	22	RXYLT1,FKRP,B4GAT1,POMGNT1,POMGNT2,B3GALNT2,CHST10,LARGE2,FUT4,POMT1,ST3GAL3,B3GAT2,FKTN
Other types of O-glycan biosynthesis	0.832635983263598	0.994871794871795	0.0916795246008379	0.352539116284741	0.838180391913767	47	MFNG,B4GALT1,LFNG,OGT,GALNT5,GALNT10,GALNT12,POMT2,B4GALT3,EOGT,GALNT1,GALNT3
Inflammatory mediator regulation of TRP channels	0.835294117647059	0.994871794871795	0.0292103127923884	-0.37198259879089	-0.825274430677726	98	PRKACB,PRKCQ,PPP1CC,F2RL1,MAP2K6,MAPK14,PLCG1,PLCB2,MAPK13,CAMK2D,PLCB3,PIK3CD,CYP2J2,SRC,PIK3R2,PIK3CB,ITPR1,PRKCD
Cortisol synthesis and secretion	0.835633626097867	0.994871794871795	0.0323604297137014	-0.377216816249789	-0.79647120416257	65	PRKACB,NR4A1,CREB1,PLCB2,ATF6B,PLCB3,CACNA1C,CREB3L4,CREB3L2,SP1,ITPR1,PDE8B,CREB3L1
Colorectal cancer	0.844444444444444	0.994871794871795	0.107972360317345	0.33704016701913	0.880947305820125	86	PMAIP1,PIK3R1,AREG,CDKN1A,GADD45B,MAP2K2,BCL2L11,BCL2,BAX,RALA,RAC3,RHOA,TGFB1,BIRC5,PIK3R3,BBC3,AKT1,RAC1,MAPK8,DDB2,NRAS,GADD45A,TCF7L1,MAPK9,RALB,MTOR,BRAF,TGFA,MYC
Choline metabolism in cancer	0.844705882352941	0.994871794871795	0.0286449572929609	-0.3692321243498	-0.819172273652525	98	FOS,DGKA,CHPT1,HIF1A,PLCG1,PDPK1,SLC44A1,PLPP1,JUN,KRAS,PIK3CD,PIK3R2,SLC44A4,PIK3CB,SOS1,PIP5K1A,SP1,RAC2,AKT2,RPS6KB2,RALGDS,PRKCA,MAPK1,MAPK3,PIK3CA,PDGFB,SLC44A2,PLD2,GRB2,PIP5K1B
Butanoate metabolism	0.847826086956522	0.994871794871795	0.0354665010333725	-0.411616952086126	-0.763845727073138	28	EHHADH,HADHA,ALDH5A1,BDH1,OXCT2,L2HGDH,HMGCS1,ABAT,ACAT2,HADH,OXCT1,ECHS1,BDH2
Linoleic acid metabolism	0.849184782608696	0.994871794871795	0.0353910624222457	-0.411137294286166	-0.76295561659761	28	CYP2J2,PLA2G1B,PLA2G12A
ABC transporters	0.853448275862069	0.994871794871795	0.0919686140000427	0.352233508399567	0.821504732135122	45	TAP1,ABCB8,ABCC5,ABCA2,ABCA10
Staphylococcus aureus infection	0.862362971985384	0.994871794871795	0.0293519190331994	-0.373016944694187	-0.816077747011726	91	ITGAL,ITGB2,CFD,HLA-DMA,C1R,HLA-DMB,KRT18,FCGR2B,C1S,PTAFR
Hedgehog signaling pathway	0.867948717948718	0.994871794871795	0.0315649069021069	-0.376034897505277	-0.776284589955203	56	PRKACB,EFCAB7,GRK3,GAS1,TPTEP2-CSNK1E,CSNK1G1,CSNK1G3,FBXW11,IQCE,ARRB1,GSK3B,KIF3A,CSNK1A1,MGRN1,SUFU,CSNK1G2,CUL1,CCND2,PTCH1,GRK2
Arrhythmogenic right ventricular cardiomyopathy	0.868453105968331	0.994871794871795	0.0289981119993578	-0.367980767992646	-0.792121683837715	77	ACTB,TCF7,ITGA4,CTNNB1,ITGA1,ATP2A3,CACNA2D2,CTNNA1,ATP2A2,CACNA1C
Prostate cancer	0.87012987012987	0.994871794871795	0.0273074724591201	-0.360826256539433	-0.799662506830208	97	GSTP1,TCF7,HSP90B1,HSP90AB1,CTNNB1,CREB1,PDPK1,EP300,HSP90AA1,KRAS,PIK3CD,PIK3R2,PIK3CB,CREB3L4,CASP9,SOS1,CREB3L2,RB1,ZEB1,AKT2,RELA,ARAF,BAD,E2F1,CREB3L1,IKBKG,GSK3B,MAPK1,FGFR2,TCF7L2,MAPK3,PIK3CA,PDGFB,TP53,GRB2
Rheumatoid arthritis	0.87041564792176	0.994871794871795	0.0290688186426821	-0.372475409796294	-0.812822123277026	89	ITGAL,ITGB2,FOS,CD28,HLA-DMA,IL23A,ATP6V1H,CSF1,TGFB3,HLA-DMB,ATP6V1E2,JUN,ACP5,CTSK,ATP6V1A,IFNG,ATP6V1E1,ATP6V1G2,ATP6V0A1,CD86,TNFRSF11A,ATP6V1G3,ATP6V0E2,ATP6V0A2,ICAM1,HLA-DPA1,HLA-DPB1
Phototransduction	0.87593984962406	0.994871794871795	0.0828962134571565	0.364642267657065	0.768429749022413	28	CALM1,CALM2
Systemic lupus erythematosus	0.876447876447876	0.994871794871795	0.0312771255290148	-0.37550011435828	-0.76691557397157	51	SSB,ACTN1,CD28,CD40LG,HLA-DMA,C1R,HLA-DMB,C1S,IFNG,C1QC,CD86,CD40,IL10,SNRPD1,HLA-DPA1,HLA-DPB1,C5
Glycosaminoglycan degradation	0.8810888252149	0.994871794871795	0.0361491929398957	-0.410528585694125	-0.713284084705691	19	SGSH,GALNS,NAGLU,GNS,HEXA,HEXB,HPSE,HYAL2,HGSNAT,IDUA
Basal cell carcinoma	0.882075471698113	0.994871794871795	0.0952879846194844	0.334514872827101	0.832912447855582	63	CDKN1A,GADD45B,WNT7A,BAX,BMP4,WNT9A,WNT6,WNT10B
Non-small cell lung cancer	0.886010362694301	0.994871794871795	0.100633389423036	0.339563721997352	0.860687665533833	72	PIK3R1,CDKN1A,GADD45B,E2F2,MAP2K2,E2F3,BAX,CDKN2A,STK4,ERBB2,PRKCB,FHIT,STAT5B,PIK3R3,AKT1,RXRA,DDB2,KIF5C,NRAS,GADD45A,RXRB,BRAF,TGFA
Long-term depression	0.891581632653061	0.994871794871795	0.0299906706583812	-0.365307397310223	-0.760854969690568	60	PPP2CA,PLCB2,RYR1,PLCB3,KRAS,ITPR1,ARAF,PPP2R1A,PRKCA,PPP2R1B,MAPK1,MAPK3,PLCB1,GNAI3
Aldosterone synthesis and secretion	0.895294117647059	0.994871794871795	0.0256225253207008	-0.356555466324702	-0.791048050184642	98	PRKACB,NR4A1,ATF1,CREB1,ATP2B4,PLCB2,PRKD2,CAMK2D,ATF6B,PLCB3,CACNA1C,CREB3L4,CREB3L2,ITPR1,CAMK1,CAMK4,PRKCA,CREB3L1,CAMK2G,ATP1A3,CALM3,ATF2,ATP1A1,DAGLB,PLCB1,LIPE
Biosynthesis of unsaturated fatty acids	0.899319727891156	0.994871794871795	0.0327241935806629	-0.392377462516544	-0.724625488744241	27	ACOT2,ELOVL6,HACD3,HSD17B12,HACD4,SCD5,ACOT4,HSD17B4,SCD,TECR,ACOX1,ACOX3,HACD1
Aldosterone-regulated sodium reabsorption	0.901333333333333	0.994871794871795	0.031636972118622	-0.371576998831442	-0.727764285866122	37	FXYD2,PDPK1,KRAS,PIK3CD,PIK3R2,PIK3CB,PRKCA,SLC9A3R2,MAPK1,IRS1,ATP1A3,NR3C2,MAPK3,PIK3CA,ATP1A1
Pentose and glucuronate interconversions	0.9055330634278	0.994871794871795	0.0319980480340634	-0.374614495106662	-0.718538721103021	33	DCXR,XYLB,CRYL1,SORD,AKR1B1,DHDH
Folate biosynthesis	0.909215955983494	0.994871794871795	0.0327241935806629	-0.387486113030946	-0.70932392833809	26	CBR1,GPHN,FPGS,GGH
Renal cell carcinoma	0.909765142150804	0.994871794871795	0.0273777349570556	-0.355217033231462	-0.755825410371491	69	CDC42,RAP1A,HIF1A,RAP1B,EP300,TGFB3,JUN,EGLN1,KRAS,PIK3CD,PIK3R2,PIK3CB,SOS1,EPAS1,PAK2,AKT2,FH,ARAF,BAD,ARNT,VHL,MAPK1,CUL2,MAPK3,PIK3CA,PAK4,PDGFB,GRB2,CRKL,TFE3,HRAS
Fructose and mannose metabolism	0.912162162162162	0.994871794871795	0.0317090865085553	-0.37345339767966	-0.708935333448631	31	ENOSF1,FBP1,MPI,FPGT,PFKL,GMPPB,PFKFB1,SORD,AKR1B1,TKFC,ALDOA,PMM2,PFKP
Endometrial cancer	0.916773367477593	0.994871794871795	0.0287861460642093	-0.360126285149136	-0.747778089900131	58	TCF7,CTNNB1,PDPK1,CTNNA1,FOXO3,KRAS,PIK3CD,PIK3R2,PIK3CB,CASP9,SOS1,GADD45G,POLK,AKT2,ARAF,BAD,CTNNA3,CDH1,GSK3B,AXIN2,MAPK1,TCF7L2,MAPK3,PIK3CA,TP53,GRB2,MLH1
Base excision repair	0.920377867746289	0.994871794871795	0.0312052969963336	-0.367384042406754	-0.704670170088975	33	POLD4,MBD4,PARP4,XRCC1,PARP1,TDG,LIG1,OGG1,POLE3,NEIL2,FEN1,NEIL1,APEX2
GABAergic synapse	0.923913043478261	0.994871794871795	0.100990587455923	0.32433243656411	0.855513841937325	89	GLUL,ADCY7,GABARAPL1,GABARAP,GNAI1,TRAK2,GNG4,GNB4,PRKCB,GNGT2,ADCY3,CACNA1F,SLC38A5,GABBR1,GABARAPL2,GNB5,ADCY9,GNG5,PRKACA
RNA degradation	0.927184466019418	0.994871794871795	0.025411808387565	-0.347242479822413	-0.75003120314623	79	BTG2,SKIV2L,EXOSC4,CNOT4,CNOT2,ENO2,EXOSC2,PARN,PAN2,CNOT9,EXOSC10,EDC4,MPHOSPH6,PFKL,XRN1,LSM6,C1D,DIS3L,DCP2,DCPS,EXOSC8,CNOT8,EDC3
Circadian entrainment	0.931523022432113	0.994871794871795	0.0236501012290726	-0.347814557804707	-0.770826003278274	97	FOS,PRKACB,GNG8,CREB1,PER2,PLCB2,CAMK2D,RYR1,PLCB3,CACNA1C,ITPR1,PRKCA,CAMK2G,MAPK1,CALM3,GNG7,MAPK3,GNG2,PLCB1,GNAI3,GNG10
GnRH secretion	0.942857142857143	0.994871794871795	0.0919686140000427	0.328337515365573	0.817751283849932	64	PIK3R1,ARRB2,MAP2K2,ESR2,CACNA1I,PRKCB,GNA11,PIK3R3,ITPR3,AKT1,GNAQ,NRAS,CACNA1F,GABBR1
Primary bile acid biosynthesis	0.945244956772334	0.994871794871795	0.0330894161454377	-0.383026918015252	-0.652123652060586	17	CYP27A1,CYP7B1,HSD17B4,AMACR,SLC27A5,SCP2,ACOT8
Pancreatic cancer	0.949754901960784	0.994871794871795	0.0246382257063476	-0.340505565060933	-0.731925086548435	76	CDC42,ARHGEF6,TGFBR2,STAT3,TGFBR1,SMAD2,CDK4,TGFB3,RALBP1,JAK1,KRAS,PIK3CD,PIK3R2,PIK3CB,CASP9,RB1,RAC2,GADD45G,POLK,AKT2,RELA,ARAF,RPS6KB2,BAD,RALGDS,E2F1,IKBKG,MAPK1,MAPK3,BRCA2,PIK3CA,TP53,PLD2
Terpenoid backbone biosynthesis	0.950877192982456	0.994871794871795	0.0749278818393739	0.347282547382758	0.703205848738461	22	ACAT1,MVD,PDSS2,NUS1,FDPS,IDI1,ICMT,GGPS1,FNTB,DHDDS
Nicotinate and nicotinamide metabolism	0.952830188679245	0.994871794871795	0.0294227657846801	-0.359979906142122	-0.695559601059346	35	NMRK1,CD38,NT5C2,SIRT6,NADSYN1,NMNAT3,NT5C1A,BST1,NAMPT
Porphyrin and chlorophyll metabolism	0.952879581151832	0.994871794871795	0.0279402790995263	-0.35085926251715	-0.702622285250989	42	CPOX,FXN,UROD,ALAS1,PPOX,HMOX1,BLVRB
Protein export	0.959722222222222	0.994871794871795	0.0305608138615649	-0.356491077513299	-0.640261964574351	23	SEC61A1,HSPA5,SEC63,SRPRB,SRP54,SRP9,SEC11C,IMMP1L,SPCS2,SEC62
Progesterone-mediated oocyte maturation	0.964580873671783	0.994871794871795	0.0216519363667421	-0.329426241331696	-0.729907007129461	96	PRKACB,MAPK14,HSP90AB1,CDC16,SPDYE5,STK10,MAD2L2,ANAPC7,MAPK13,FZR1,HSP90AA1,KRAS,PIK3CD,SPDYE16,PIK3R2,PIK3CB,AKT2,CDC23,ARAF,CPEB2,CPEB1,CCNB2,CCNB3,SPDYE2B,SPDYE2,MAPK1,MAPK3,PIK3CA,RPS6KA3,GNAI3,RPS6KA2,ANAPC2,CPEB3,MAD2L1
Thyroid cancer	0.969333333333333	0.994871794871795	0.0280106629226489	-0.342247767883399	-0.67032056119255	37	TCF7,CTNNB1,NCOA4,TFG,TPR,CCDC6,KRAS,GADD45G,POLK,CDH1,MAPK1,TCF7L2,MAPK3,TP53
Steroid biosynthesis	0.970380818053597	0.994871794871795	0.0307752597613667	-0.355017809317097	-0.622471001558506	20	LBR,LIPA,CYP2R1,SQLE,MSMO1,SOAT2,SOAT1,NSDHL,LSS,CYP27B1,DHCR24
Ubiquinone and other terpenoid-quinone biosynthesis	0.978038067349927	0.994871794871795	0.0322153154599285	-0.372910733041739	-0.58677438414321	11	COQ7,COQ6,NQO1,VKORC1L1,COQ3
RIG-I-like receptor signaling pathway	0.978986402966625	0.994871794871795	0.0234376252595191	-0.324017128046455	-0.68943872579873	69	MAPK14,PIN1,RIPK1,FADD,TANK,MAPK13,TRAF6,TRAF3,ATG12,SIKE1,DDX3X,CYLD,RELA,MAVS,IKBKG,IKBKE,TBK1,TBKBP1,NLRX1,CASP10,CASP8,TKFC,NFKB1,CHUK
Fat digestion and absorption	0.986910994764398	0.994871794871795	0.0261139619405561	-0.332809720234446	-0.666476707803712	42	PLPP1,AGPAT2,APOA1,PLA2G1B,SLC27A1,PLA2G12A,DGAT1,ACAT2,GOT2,AGPAT1
Pentose phosphate pathway	0.992217898832685	0.994871794871795	0.0780892306943345	0.320980161437496	0.684422357137594	30	TKT,TKTL1,RBKS,RPE,G6PD,GLYCTK,H6PD,TALDO1,PFKM,PGLS
Starch and sucrose metabolism	0.992277992277992	0.994871794871795	0.0776798560117236	0.318158316561889	0.703066277414767	34	UGP2,HKDC1,PGM2L1,HK2,GANC
Prolactin signaling pathway	0.994871794871795	0.994871794871795	0.0931454575337804	0.317899865120227	0.802228190550664	70	SOCS1,STAT1,PIK3R1,MAP2K2,IRF1,ESR2,JAK2,STAT5B,PIK3R3,CISH,AKT1,SOCS3,MAPK8,SOCS2,NRAS
